created_at,chest pain,china,chinavirus,community transmission,corona virus,coronavirus case,coronavirus outbreak,coronavirus spread,cough,covid,antigen test,diarrhoea,dyspnea,fever,flu,headache,infection,nausea,pandemic,respiratory illness,runny nose,sarscov,self isolate,social distance,sore throat,super spreader,symptomatic,tasteless,tiredness,wuhan,zoonotic disease,mask,tweet_count,daily_frequency,Confirmed,Deaths,daily_cases,daily_deaths,cum_frequency
2020-01-22,0.0,3859,33.0,1.0,2073.0,127,235.0,1607.0,58.0,0.0,0.0,1.0,1.0,154.0,740,1.0,666,2.0,193,88.0,6.0,30.0,0.0,12.0,1.0,4.0,3.0,0.0,0.0,9384.0,22.0,7.0,53630,2741,1.0,0.0,1.0,0.0,2741
2020-01-23,2.0,35488,295.0,2.0,6023.0,656,13263.0,12727.0,705.0,0.0,0.0,3.0,0.0,4584.0,2373,29.0,1271,1.0,986,253.0,19.0,156.0,0.0,115.0,17.0,56.0,6.0,1.0,0.0,90932.0,131.0,34.0,314066,21535,1.0,0.0,0.0,0.0,24276
2020-01-24,6.0,126881,707.0,3.0,20442.0,7891,37549.0,40549.0,1862.0,0.0,0.0,11.0,3.0,5055.0,5109,477.0,8579,42.0,4944,852.0,105.0,299.0,0.0,441.0,89.0,42.0,32.0,8.0,0.0,223157.0,126.0,170.0,1130905,82902,2.0,0.0,1.0,0.0,107178
2020-01-25,2.0,176947,644.0,2.0,40036.0,14298,62013.0,57525.0,2073.0,0.0,0.0,2.0,0.0,3281.0,9336,165.0,11672,37.0,6977,459.0,95.0,635.0,1.0,372.0,117.0,949.0,112.0,1.0,1.0,256886.0,37.0,414.0,1635293,125457,2.0,0.0,0.0,0.0,232635
2020-01-26,4.0,274953,711.0,1.0,38678.0,19523,64745.0,134573.0,6826.0,0.0,0.0,9.0,5.0,4769.0,26910,132.0,10624,21.0,10458,1142.0,91.0,452.0,24.0,554.0,172.0,674.0,1512.0,12.0,0.0,328594.0,30.0,322.0,2188433,161112,10.0,0.0,8.0,0.0,393747
2020-01-27,6.0,149478,771.0,2.0,47279.0,11794,42061.0,132643.0,8229.0,0.0,1.0,5.0,2.0,4052.0,17689,249.0,10590,10.0,11687,2462.0,194.0,275.0,48.0,758.0,195.0,34.0,350.0,5.0,66.0,207187.0,38.0,185.0,1684775,97343,11.0,0.0,1.0,0.0,491090
2020-01-28,4.0,159749,749.0,3.0,50846.0,17367,43416.0,86612.0,5080.0,0.0,0.0,7.0,1.0,2334.0,10011,138.0,16322,12.0,9205,2198.0,124.0,190.0,42.0,2001.0,140.0,38.0,170.0,16.0,26.0,171136.0,32.0,278.0,1462218,101650,12.0,0.0,1.0,0.0,592740
2020-01-29,8.0,403369,1193.0,9.0,257510.0,13125,49571.0,54878.0,5808.0,0.0,0.0,17.0,1.0,3037.0,17407,227.0,11976,12.0,7816,799.0,133.0,492.0,25.0,1425.0,258.0,10.0,813.0,25.0,30.0,257302.0,74.0,170671.0,2420393,207654,13.0,0.0,1.0,0.0,800394
2020-01-30,5.0,497278,1050.0,10.0,252887.0,17286,74359.0,88094.0,4687.0,0.0,0.0,14.0,1.0,2936.0,20736,146.0,17378,3.0,9715,489.0,86.0,724.0,11.0,1459.0,347.0,10.0,237.0,37.0,18.0,199551.0,51.0,76224.0,3589672,217326,17.0,0.0,4.0,0.0,1017720
2020-01-31,7.0,483727,1084.0,107.0,168645.0,21510,81696.0,77496.0,5508.0,0.0,0.0,7.0,3.0,1960.0,45317,201.0,8380,6.0,10272,896.0,144.0,450.0,30.0,1152.0,294.0,22.0,148.0,13.0,9.0,157370.0,33.0,7487.0,3010623,155520,23.0,0.0,6.0,0.0,1173240
2020-02-01,0.0,105351,259.0,4.0,44033.0,4672,12675.0,17376.0,1908.0,0.0,0.0,48.0,1.0,790.0,17849,54.0,3630,10.0,2410,239.0,27.0,167.0,15.0,208.0,37.0,7.0,163.0,5.0,1.0,51855.0,13.0,606.0,383725,17674,27.0,0.0,4.0,0.0,1190914
2020-02-02,35.0,142398,337.0,0.0,91586.0,2912,11801.0,23738.0,1390.0,0.0,0.0,20.0,0.0,949.0,14120,46.0,8051,3.0,4254,121.0,30.0,94.0,21.0,400.0,44.0,10.0,203.0,2.0,0.0,64218.0,6.0,413.0,474236,50372,28.0,0.0,1.0,0.0,1241286
2020-02-03,2.0,121464,251.0,8.0,43820.0,2274,14773.0,18828.0,1103.0,0.0,0.0,31.0,0.0,787.0,8859,75.0,3608,2.0,4349,99.0,43.0,77.0,23.0,632.0,50.0,10.0,71.0,6.0,1.0,47337.0,20.0,196.0,383677,51286,32.0,0.0,4.0,0.0,1292572
2020-02-04,3.0,149001,347.0,17.0,50585.0,8514,22269.0,19329.0,1498.0,0.0,0.0,470.0,0.0,1553.0,8548,91.0,4649,26.0,6156,128.0,19.0,57.0,28.0,435.0,58.0,36.0,82.0,5.0,0.0,60844.0,60.0,241.0,489958,56001,33.0,0.0,1.0,0.0,1348573
2020-02-05,4.0,129622,379.0,26.0,51084.0,7429,19323.0,17346.0,1766.0,0.0,0.0,86.0,1.0,953.0,7828,302.0,4764,7.0,4561,105.0,14.0,52.0,37.0,868.0,35.0,12.0,75.0,2.0,1.0,59470.0,24.0,243.0,486074,37983,34.0,0.0,1.0,0.0,1386556
2020-02-06,3.0,139754,257.0,85.0,40799.0,5511,23841.0,21471.0,1232.0,0.0,1.0,36.0,0.0,952.0,6515,99.0,7655,3.0,3532,99.0,15.0,57.0,65.0,941.0,42.0,1.0,42.0,1.0,2.0,66194.0,11.0,186.0,518657,44336,35.0,0.0,1.0,0.0,1430892
2020-02-07,2.0,134448,248.0,68.0,37694.0,7163,21237.0,19586.0,993.0,0.0,0.0,13.0,4.0,911.0,6242,50.0,8349,9.0,3575,72.0,17.0,32.0,27.0,409.0,24.0,10.0,39.0,3.0,1.0,72130.0,8.0,167.0,527488,48366,39.0,0.0,4.0,0.0,1479258
2020-02-08,6.0,110303,345.0,19.0,29233.0,4577,14049.0,14533.0,1569.0,0.0,0.0,21.0,3.0,1553.0,6318,28.0,5150,88.0,2246,36.0,23.0,38.0,56.0,636.0,40.0,17.0,45.0,8.0,0.0,51606.0,5.0,167.0,417046,43380,39.0,0.0,0.0,0.0,1522638
2020-02-09,6.0,141528,386.0,281.0,45845.0,5689,13652.0,16677.0,3376.0,0.0,0.0,29.0,0.0,1748.0,5493,24.0,3890,37.0,2728,74.0,21.0,53.0,21.0,444.0,41.0,19.0,78.0,3.0,2.0,65789.0,10.0,83.0,484815,46460,39.0,0.0,0.0,0.0,1569098
2020-02-10,1.0,153277,414.0,70.0,50122.0,9349,19456.0,19261.0,2336.0,0.0,0.0,28.0,0.0,1533.0,8184,84.0,6527,5.0,3499,452.0,25.0,101.0,50.0,1319.0,47.0,511.0,59.0,2.0,1.0,62775.0,3.0,517.0,555522,55786,44.0,0.0,5.0,0.0,1624884
2020-02-11,1.0,131176,526.0,128.0,34781.0,6107,15348.0,16372.0,1622.0,16263.0,0.0,10.0,6.0,789.0,5475,38.0,3939,15.0,2428,69.0,11.0,62.0,35.0,403.0,20.0,392.0,40.0,6.0,0.0,40249.0,9.0,1534.0,437450,34733,45.0,0.0,1.0,0.0,1659617
2020-02-12,5.0,129341,412.0,90.0,52354.0,7627,24850.0,19448.0,1320.0,31432.0,0.0,6.0,0.0,801.0,5254,48.0,4867,14.0,3118,204.0,19.0,311.0,49.0,231.0,32.0,236.0,42.0,6.0,0.0,39866.0,10.0,517.0,520948,48192,46.0,0.0,1.0,0.0,1707809
2020-02-13,1.0,136587,306.0,35.0,39132.0,15365,20858.0,17664.0,901.0,25371.0,0.0,8.0,2.0,749.0,5613,30.0,6507,4.0,3340,207.0,18.0,193.0,181.0,375.0,42.0,95.0,59.0,5.0,0.0,32938.0,27.0,180.0,504148,13529,47.0,0.0,1.0,0.0,1721338
2020-02-14,7.0,151337,523.0,78.0,55464.0,9968,23776.0,19642.0,1048.0,28031.0,0.0,4.0,0.0,972.0,6932,30.0,6003,16.0,4833,155.0,13.0,84.0,142.0,652.0,46.0,51.0,85.0,2.0,0.0,41715.0,22.0,198.0,559791,55354,47.0,0.0,0.0,0.0,1776692
2020-02-15,1.0,132213,468.0,42.0,41654.0,8505,13988.0,15058.0,854.0,24651.0,0.0,3.0,2.0,827.0,5929,44.0,4178,16.0,4153,140.0,31.0,58.0,124.0,413.0,37.0,33.0,99.0,0.0,0.0,38068.0,6.0,86.0,437366,38573,47.0,0.0,0.0,0.0,1815265
2020-02-16,18.0,101170,329.0,45.0,27333.0,4428,13413.0,12449.0,533.0,19325.0,0.0,0.0,1.0,409.0,3348,52.0,3001,0.0,3197,69.0,11.0,53.0,57.0,490.0,28.0,26.0,43.0,3.0,11.0,27809.0,7.0,57.0,374872,36005,47.0,0.0,0.0,0.0,1851270
2020-02-17,3.0,150876,361.0,23.0,34879.0,5077,19752.0,14358.0,1534.0,32462.0,0.0,7.0,0.0,516.0,5435,46.0,4145,2.0,4337,184.0,23.0,100.0,62.0,741.0,45.0,20.0,62.0,5.0,1.0,43830.0,4.0,53.0,509804,51504,48.0,0.0,1.0,0.0,1902774
2020-02-18,1.0,169060,344.0,47.0,38645.0,3392,18646.0,11773.0,969.0,46625.0,0.0,39.0,3.0,1551.0,9426,25.0,5875,2.0,4663,119.0,15.0,55.0,80.0,306.0,32.0,30.0,43.0,2.0,0.0,42184.0,6.0,66.0,520436,51127,48.0,0.0,0.0,0.0,1953901
2020-02-19,1.0,182066,365.0,26.0,38178.0,4312,16402.0,13810.0,926.0,33555.0,0.0,11.0,0.0,1200.0,5040,37.0,4970,0.0,3373,52.0,12.0,141.0,75.0,299.0,24.0,77.0,61.0,8.0,0.0,29236.0,8.0,121.0,490019,43215,48.0,0.0,0.0,0.0,1997116
2020-02-20,1.0,136304,335.0,28.0,37404.0,10532,20880.0,13090.0,753.0,33532.0,0.0,5.0,0.0,967.0,3903,76.0,4870,14.0,2763,106.0,13.0,226.0,88.0,597.0,19.0,133.0,39.0,9.0,0.0,24575.0,10.0,240.0,445969,54807,48.0,0.0,0.0,0.0,2051923
2020-02-21,2.0,125600,397.0,36.0,41121.0,14154,15823.0,24310.0,568.0,36896.0,0.0,1.0,2.0,582.0,5206,19.0,7087,3.0,4358,96.0,22.0,85.0,72.0,799.0,27.0,263.0,43.0,3.0,8.0,24046.0,9.0,183.0,493502,46621,51.0,0.0,3.0,0.0,2098544
2020-02-22,2.0,86534,267.0,212.0,26064.0,11006,10777.0,15802.0,543.0,27177.0,0.0,5.0,0.0,844.0,3026,40.0,5728,0.0,6367,40.0,16.0,34.0,42.0,1508.0,97.0,76.0,46.0,1.0,0.0,17460.0,7.0,82.0,378422,30786,51.0,0.0,0.0,0.0,2129330
2020-02-24,0.0,63061,120.0,27.0,27293.0,8074,14076.0,24881.0,672.0,26572.0,0.0,1.0,0.0,543.0,4892,31.0,3438,0.0,12451,32.0,200.0,32.0,26.0,227.0,238.0,14.0,23.0,0.0,1.0,11229.0,4.0,37.0,342284,41349,56.0,0.0,5.0,0.0,2170679
2020-02-25,1.0,45027,83.0,60.0,26990.0,4128,14265.0,22753.0,581.0,18759.0,0.0,3.0,1.0,313.0,4668,38.0,2419,0.0,15661,80.0,11.0,28.0,96.0,451.0,13.0,14.0,11.0,0.0,0.0,8178.0,4.0,41.0,345056,13765,57.0,0.0,1.0,0.0,2184444
2020-02-26,1.0,60995,121.0,26.0,42963.0,8448,17420.0,28172.0,1075.0,30750.0,0.0,2.0,2.0,509.0,8337,53.0,3423,8.0,21134,137.0,27.0,26.0,201.0,598.0,34.0,36.0,33.0,0.0,3.0,7960.0,9.0,61.0,475202,31991,57.0,0.0,0.0,0.0,2216435
2020-02-27,6.0,39341,68.0,382.0,38026.0,7977,21608.0,22736.0,814.0,23425.0,0.0,9.0,2.0,262.0,7050,263.0,2841,0.0,13158,241.0,19.0,24.0,109.0,559.0,64.0,18.0,50.0,2.0,2.0,7115.0,4.0,261.0,426357,37897,62.0,0.0,5.0,0.0,2254332
2020-02-28,7.0,132905,100.0,327.0,155896.0,18174,58335.0,64944.0,5090.0,95451.0,0.0,28.0,1.0,1593.0,15597,1026.0,10945,7.0,38227,221.0,382.0,40.0,192.0,1762.0,232.0,21.0,85.0,27.0,7.0,15854.0,23.0,670.0,1413873,44823,69.0,0.0,7.0,0.0,2299155
2020-02-29,74.0,177136,186.0,1463.0,245995.0,42983,55798.0,110228.0,10823.0,139283.0,1.0,6.0,13.0,4024.0,41498,1584.0,18021,28.0,44398,434.0,1947.0,138.0,501.0,5109.0,1446.0,13.0,199.0,17.0,12.0,23131.0,38.0,23134.0,2041770,117361,96.0,1.0,27.0,1.0,2416516
2020-03-01,22.0,205955,246.0,542.0,259802.0,34263,41933.0,132748.0,5904.0,174065.0,0.0,15.0,101.0,3987.0,45367,597.0,19077,13.0,35166,459.0,635.0,176.0,114.0,8836.0,444.0,45.0,211.0,12.0,12.0,30991.0,24.0,24662.0,2260196,165666,121.0,2.0,25.0,1.0,2582182
2020-03-02,4.0,33382,41.0,201.0,77379.0,8051,14457.0,22958.0,2197.0,42563.0,0.0,8.0,2.0,1762.0,8669,253.0,2705,3.0,7141,92.0,304.0,17.0,22.0,1394.0,268.0,5.0,36.0,3.0,59.0,4769.0,5.0,434.0,490282,34831,156.0,7.0,35.0,5.0,2617013
2020-03-03,25.0,166870,144.0,645.0,345932.0,30077,52859.0,128991.0,7777.0,315439.0,0.0,148.0,1.0,3815.0,85760,283.0,20587,27.0,23056,687.0,516.0,113.0,316.0,5701.0,261.0,72.0,413.0,15.0,73.0,22824.0,33.0,1515.0,2404639,248455,199.0,8.0,43.0,1.0,2865468
2020-03-04,13.0,174412,219.0,484.0,391026.0,42767,60279.0,157327.0,9047.0,269869.0,2.0,197.0,3.0,3874.0,72072,384.0,20292,19.0,20873,507.0,479.0,148.0,599.0,53556.0,232.0,104.0,291.0,48.0,19.0,22460.0,17.0,1392.0,2566425,231168,306.0,13.0,107.0,5.0,3096636
2020-03-05,6.0,31486,75.0,185.0,142756.0,9616,14112.0,56883.0,2412.0,65009.0,0.0,14.0,1.0,875.0,10561,71.0,3535,5.0,4830,158.0,42.0,56.0,68.0,9554.0,54.0,20.0,79.0,13.0,4.0,5814.0,3.0,420.0,637967,54429,415.0,14.0,109.0,1.0,3151065
2020-03-06,6.0,33968,97.0,197.0,83970.0,11606,13976.0,30409.0,2774.0,116288.0,0.0,19.0,3.0,878.0,9916,80.0,8110,12.0,6480,134.0,59.0,44.0,84.0,2920.0,49.0,11.0,134.0,7.0,7.0,6065.0,4.0,324.0,686069,53662,530.0,17.0,115.0,3.0,3204727
2020-03-07,3.0,33125,134.0,402.0,56169.0,10552,11380.0,22828.0,2543.0,136855.0,0.0,102.0,0.0,1148.0,9046,204.0,5916,14.0,16022,118.0,269.0,35.0,59.0,4127.0,223.0,123.0,143.0,5.0,11.0,8989.0,3.0,309.0,673952,50837,700.0,21.0,170.0,4.0,3255564
2020-03-08,10.0,32024,90.0,248.0,69845.0,8613,10520.0,21457.0,1943.0,83632.0,0.0,44.0,4.0,9083.0,9964,175.0,4071,1.0,7503,95.0,234.0,44.0,81.0,3092.0,190.0,34.0,135.0,3.0,3.0,11887.0,14.0,252.0,627820,38295,909.0,26.0,209.0,5.0,3293859
2020-03-09,7.0,28290,622.0,222.0,64344.0,9624,16608.0,27156.0,2104.0,84742.0,0.0,9.0,3.0,3859.0,18489,79.0,3534,7.0,8693,111.0,62.0,37.0,84.0,3872.0,103.0,19.0,82.0,0.0,3.0,17569.0,5.0,205.0,626711,41094,1057.0,29.0,148.0,3.0,3334953
2020-03-10,7.0,27392,492.0,92.0,68315.0,5747,16282.0,29580.0,2242.0,78871.0,0.0,19.0,0.0,967.0,16144,107.0,2711,2.0,6462,127.0,72.0,26.0,64.0,3234.0,113.0,24.0,77.0,3.0,6.0,15822.0,4.0,167.0,570150,40843,1342.0,39.0,285.0,10.0,3375796
2020-03-11,7.0,30100,91.0,267.0,84681.0,6116,13390.0,22728.0,1719.0,89420.0,0.0,32.0,1.0,891.0,10775,72.0,2413,4.0,15884,152.0,44.0,11.0,104.0,2585.0,92.0,14.0,112.0,0.0,2.0,8550.0,6.0,216.0,568760,38922,1871.0,44.0,529.0,5.0,3414718
2020-03-12,5.0,31282,57.0,161.0,103680.0,3419,6728.0,16461.0,1899.0,93343.0,0.0,9.0,19.0,728.0,8813,308.0,1992,6.0,15244,86.0,62.0,9.0,155.0,3372.0,363.0,11.0,120.0,2.0,29.0,8109.0,1.0,1097.0,571935,52449,2343.0,57.0,472.0,13.0,3467167
2020-03-13,4.0,24553,118.0,94.0,81712.0,2300,5194.0,14000.0,1780.0,86580.0,0.0,2.0,0.0,620.0,8856,109.0,1607,1.0,28572,61.0,43.0,14.0,221.0,2956.0,116.0,5.0,79.0,1.0,11.0,9556.0,5.0,692.0,571773,42628,3439.0,68.0,1096.0,11.0,3509795
2020-03-14,5.0,23769,110.0,47.0,86629.0,2028,4348.0,16226.0,2138.0,88328.0,0.0,13.0,11.0,803.0,5228,29.0,1766,4.0,30907,46.0,51.0,25.0,178.0,8428.0,81.0,12.0,122.0,6.0,3.0,9861.0,7.0,505.0,543615,46358,4570.0,93.0,1131.0,25.0,3556153
2020-03-15,13.0,19748,69.0,107.0,57356.0,2837,4717.0,19336.0,1639.0,98631.0,0.0,12.0,16.0,635.0,3973,47.0,1939,1.0,28770,62.0,36.0,27.0,206.0,25169.0,109.0,7.0,242.0,4.0,11.0,5146.0,7.0,241.0,504399,43008,4783.0,121.0,213.0,28.0,3599161
2020-03-16,115.0,19328,41.0,99.0,52085.0,2747,6928.0,15653.0,1464.0,91154.0,0.0,5.0,19.0,1006.0,4045,45.0,1869,3.0,28074,69.0,140.0,18.0,312.0,32818.0,74.0,38.0,131.0,3.0,4.0,3480.0,1.0,406.0,481787,39710,6830.0,175.0,2047.0,54.0,3638871
2020-03-17,505.0,26604,255.0,70.0,58370.0,1894,6366.0,15532.0,986.0,88039.0,0.0,6.0,14.0,820.0,3350,55.0,1813,2.0,42424,33.0,28.0,10.0,1790.0,20209.0,34.0,8.0,91.0,16.0,9.0,4593.0,2.0,2153.0,521026,44319,9185.0,229.0,2355.0,54.0,3683190
2020-03-18,43.0,33486,469.0,71.0,40545.0,2768,4657.0,10415.0,1136.0,76199.0,0.0,5.0,8.0,678.0,5859,63.0,1741,6.0,39931,35.0,37.0,19.0,504.0,18013.0,434.0,8.0,127.0,5.0,4.0,6930.0,14.0,1867.0,465325,47271,12957.0,324.0,3772.0,95.0,3730461
2020-03-19,20.0,39467,556.0,127.0,38929.0,4185,4620.0,11447.0,2041.0,91458.0,0.0,3.0,15.0,2292.0,5971,122.0,2509,14.0,31005,87.0,16.0,19.0,291.0,27286.0,3106.0,7.0,98.0,3.0,2.0,8813.0,23.0,995.0,531773,44342,18572.0,447.0,5615.0,123.0,3774803
2020-03-20,27.0,32389,463.0,77.0,41868.0,2836,5233.0,14757.0,1150.0,101582.0,4.0,16.0,13.0,1048.0,5111,98.0,2160,51.0,33590,79.0,10.0,42.0,263.0,33841.0,373.0,28.0,117.0,3.0,9.0,4847.0,16.0,614.0,556725,46211,25510.0,585.0,6938.0,138.0,3821014
2020-03-21,4.0,28462,437.0,97.0,34150.0,3754,3283.0,12224.0,4119.0,88158.0,1.0,8.0,28.0,636.0,2890,66.0,2405,20.0,32142,64.0,23.0,37.0,543.0,30793.0,97.0,8.0,242.0,1.0,10.0,5508.0,9.0,280.0,476725,49233,33615.0,737.0,8105.0,152.0,3870247
2020-03-22,20.0,24034,511.0,109.0,45992.0,3936,3475.0,12483.0,4014.0,103868.0,1.0,9.0,6.0,855.0,4166,66.0,2638,21.0,33815,57.0,17.0,18.0,393.0,46173.0,56.0,17.0,121.0,4.0,34.0,4648.0,12.0,403.0,563542,50028,43017.0,921.0,9402.0,184.0,3920275
2020-03-23,16.0,20445,400.0,112.0,41208.0,3881,3479.0,14932.0,1913.0,112525.0,11.0,6.0,0.0,652.0,4446,93.0,2113,7.0,35400,57.0,11.0,23.0,1089.0,47590.0,93.0,25.0,119.0,2.0,11.0,6033.0,4.0,306.0,579044,52283,54942.0,1186.0,11925.0,265.0,3972558
2020-03-24,22.0,23112,354.0,63.0,41800.0,3275,3297.0,15899.0,1324.0,95162.0,2.0,3.0,10.0,825.0,3624,80.0,2308,11.0,33590,39.0,16.0,53.0,990.0,43092.0,58.0,42.0,103.0,2.0,7.0,5248.0,5.0,225.0,558727,52768,67797.0,1572.0,12855.0,386.0,4025326
2020-03-25,18.0,25753,427.0,56.0,37188.0,3975,3631.0,13697.0,2534.0,109175.0,0.0,10.0,8.0,588.0,3607,54.0,2110,10.0,34286,74.0,40.0,50.0,488.0,40397.0,98.0,21.0,80.0,7.0,6.0,5050.0,13.0,313.0,586709,50733,82161.0,2074.0,14364.0,502.0,4076059
2020-03-26,33.0,31833,1237.0,86.0,32159.0,6594,3291.0,11718.0,1421.0,113067.0,1.0,5.0,6.0,615.0,3667,102.0,2298,3.0,39664,78.0,7.0,29.0,252.0,34888.0,47.0,51.0,69.0,5.0,11.0,6174.0,12.0,325.0,586602,47721,103754.0,2686.0,21593.0,612.0,4123780
2020-03-27,15.0,41093,840.0,107.0,36743.0,10200,3955.0,11916.0,1604.0,121345.0,12.0,18.0,14.0,808.0,3897,87.0,2710,6.0,45732,82.0,10.0,16.0,377.0,33470.0,39.0,52.0,163.0,6.0,2.0,7187.0,9.0,236.0,606747,49321,126079.0,3534.0,22325.0,848.0,4173101
2020-03-28,17.0,26322,472.0,120.0,36688.0,5401,3885.0,11520.0,2374.0,140291.0,34.0,10.0,8.0,747.0,5850,134.0,4008,9.0,47396,102.0,14.0,27.0,226.0,36778.0,41.0,44.0,159.0,10.0,9.0,6768.0,9.0,241.0,584508,57415,150020.0,4477.0,23941.0,943.0,4230516
2020-03-29,15.0,40373,483.0,417.0,35145.0,4404,2721.0,11017.0,2263.0,122615.0,11.0,19.0,2.0,533.0,4969,46.0,2794,3.0,39895,52.0,12.0,21.0,179.0,31206.0,23.0,22.0,106.0,7.0,10.0,5951.0,7.0,196.0,576749,58024,172776.0,5326.0,22756.0,849.0,4288540
2020-03-30,14.0,34368,377.0,192.0,32826.0,4165,3396.0,11611.0,1439.0,122774.0,3.0,12.0,3.0,648.0,3159,68.0,2550,29.0,37297,83.0,40.0,19.0,189.0,37439.0,27.0,19.0,58.0,9.0,11.0,7116.0,7.0,190.0,614323,55811,198742.0,6528.0,25966.0,1202.0,4344351
2020-03-31,14.0,27699,315.0,99.0,31310.0,4564,3479.0,13020.0,1046.0,127667.0,4.0,5.0,3.0,576.0,4672,62.0,2631,26.0,41209,100.0,41.0,19.0,232.0,33029.0,23.0,228.0,63.0,5.0,6.0,4705.0,4.0,232.0,612180,52955,229312.0,8152.0,30570.0,1624.0,4397306
2020-04-01,181.0,36564,346.0,66.0,32871.0,4609,4799.0,12703.0,782.0,131176.0,13.0,5.0,4.0,549.0,5982,55.0,2471,6.0,45907,49.0,18.0,20.0,326.0,43998.0,46.0,93.0,119.0,20.0,4.0,6952.0,8.0,321.0,617369,59705,261187.0,10075.0,31875.0,1923.0,4457011
2020-04-02,75.0,31742,287.0,68.0,27229.0,3648,3952.0,13413.0,1320.0,122115.0,29.0,3.0,35.0,776.0,2941,43.0,2568,7.0,46333,38.0,16.0,20.0,271.0,40488.0,46.0,133.0,142.0,7.0,3.0,5710.0,11.0,204.0,593400,52276,298506.0,12337.0,37319.0,2262.0,4509287
2020-04-03,10.0,27311,313.0,49.0,27669.0,3279,3765.0,12069.0,1476.0,112375.0,6.0,4.0,7.0,662.0,2245,164.0,2310,6.0,42332,56.0,23.0,19.0,269.0,37841.0,50.0,73.0,264.0,3.0,10.0,6141.0,8.0,144.0,567017,51118,336426.0,14393.0,37920.0,2056.0,4560405
2020-04-04,19.0,35771,450.0,42.0,28599.0,4030,2748.0,12801.0,2326.0,111765.0,7.0,0.0,5.0,524.0,3238,85.0,2411,6.0,45844,62.0,13.0,24.0,918.0,42805.0,32.0,70.0,412.0,6.0,9.0,6595.0,13.0,180.0,590774,51731,374736.0,16475.0,38310.0,2082.0,4612136
2020-04-05,16.0,37292,618.0,51.0,30390.0,4073,3103.0,13549.0,1436.0,113889.0,2.0,3.0,1.0,454.0,3805,85.0,2542,6.0,43602,72.0,7.0,49.0,649.0,47056.0,34.0,20.0,204.0,2.0,6.0,5178.0,19.0,674.0,597703,52559,412079.0,18591.0,37343.0,2116.0,4664695
2020-04-06,11.0,30195,476.0,164.0,27289.0,3007,3241.0,12773.0,1139.0,133971.0,4.0,2.0,10.0,653.0,3594,86.0,2697,7.0,47475,56.0,11.0,25.0,352.0,34298.0,27.0,32.0,154.0,2.0,18.0,4295.0,55.0,145.0,601240,54119,447733.0,20946.0,35654.0,2355.0,4718814
2020-04-07,19.0,44214,328.0,57.0,23805.0,2684,2707.0,10912.0,748.0,142719.0,2.0,4.0,1.0,751.0,3920,61.0,2258,11.0,48212,43.0,7.0,66.0,316.0,38054.0,25.0,29.0,65.0,4.0,12.0,5931.0,35.0,212.0,623459,59535,484179.0,24344.0,36446.0,3398.0,4778349
2020-04-08,14.0,36053,346.0,197.0,26009.0,2289,3034.0,10652.0,871.0,145485.0,9.0,3.0,1.0,524.0,3227,137.0,2568,5.0,48199,54.0,28.0,28.0,511.0,34489.0,15.0,27.0,69.0,5.0,4.0,10081.0,34.0,400.0,619893,58197,523437.0,27524.0,39258.0,3180.0,4836546
2020-04-09,18.0,37498,213.0,60.0,25070.0,2737,2933.0,12482.0,831.0,132532.0,3.0,2.0,0.0,452.0,2219,53.0,2879,6.0,46558,54.0,15.0,65.0,196.0,36549.0,30.0,37.0,83.0,0.0,3.0,6057.0,11.0,252.0,607544,54592,565040.0,30819.0,41603.0,3295.0,4891138
2020-04-10,27.0,39569,186.0,216.0,24321.0,2710,2645.0,12264.0,1356.0,116555.0,6.0,1.0,2.0,792.0,2447,49.0,2603,4.0,40096,73.0,17.0,23.0,149.0,51444.0,36.0,37.0,66.0,6.0,7.0,4842.0,6.0,337.0,575356,55132,609703.0,34121.0,44663.0,3302.0,4946270
2020-04-11,85.0,39047,210.0,102.0,23763.0,3455,1866.0,9949.0,715.0,114664.0,6.0,15.0,3.0,462.0,3371,176.0,3291,8.0,40231,57.0,4.0,52.0,590.0,44108.0,13.0,19.0,102.0,4.0,4.0,4980.0,8.0,1347.0,576296,56051,647209.0,37117.0,37506.0,2996.0,5002321
2020-04-12,127.0,44475,483.0,52.0,22155.0,3078,2225.0,9106.0,539.0,99256.0,4.0,2.0,2.0,372.0,2724,985.0,3080,7.0,44519,41.0,12.0,14.0,449.0,34862.0,21.0,104.0,65.0,0.0,4.0,5083.0,8.0,383.0,534026,48333,682872.0,39649.0,35663.0,2532.0,5050654
2020-04-13,53.0,46589,759.0,93.0,22268.0,3184,2298.0,9128.0,705.0,117357.0,11.0,6.0,2.0,597.0,2991,226.0,2553,3.0,45122,41.0,114.0,25.0,194.0,33835.0,29.0,62.0,89.0,6.0,103.0,6124.0,16.0,182.0,573212,51444,715213.0,42288.0,32341.0,2639.0,5102098
2020-04-14,23.0,40937,355.0,61.0,22683.0,2621,2305.0,12629.0,724.0,126743.0,7.0,8.0,2.0,556.0,2433,73.0,2444,9.0,44339,56.0,18.0,14.0,128.0,32146.0,34.0,28.0,96.0,2.0,4.0,6126.0,12.0,169.0,585041,58425,749993.0,45889.0,34780.0,3601.0,5160523
2020-04-15,11.0,49759,280.0,96.0,24421.0,2571,2717.0,12832.0,707.0,121692.0,7.0,8.0,0.0,451.0,2113,52.0,2024,12.0,49870,41.0,29.0,15.0,122.0,33934.0,79.0,47.0,72.0,8.0,4.0,6190.0,15.0,195.0,595476,59850,785814.0,49370.0,35821.0,3481.0,5220373
2020-04-16,27.0,47382,362.0,176.0,20678.0,2802,2569.0,12229.0,519.0,130243.0,7.0,5.0,0.0,453.0,2635,54.0,4617,16.0,45193,51.0,14.0,45.0,144.0,37838.0,34.0,32.0,96.0,4.0,5.0,12464.0,12.0,164.0,603751,57895,825519.0,52784.0,39705.0,3414.0,5278268
2020-04-17,12.0,37209,218.0,33.0,16821.0,2450,2433.0,8058.0,459.0,110253.0,27.0,2.0,2.0,356.0,3031,40.0,2750,11.0,38583,65.0,20.0,31.0,141.0,33956.0,18.0,39.0,82.0,9.0,4.0,8911.0,15.0,164.0,495882,48269,866862.0,56450.0,41343.0,3666.0,5326537
2020-04-18,18.0,20366,319.0,48.0,22229.0,3958,1866.0,11136.0,538.0,134208.0,9.0,2.0,5.0,512.0,3779,59.0,3655,9.0,45621,78.0,8.0,31.0,154.0,49256.0,14.0,97.0,420.0,4.0,2.0,11574.0,13.0,169.0,564143,54779,903699.0,59994.0,36837.0,3544.0,5381316
2020-04-19,9.0,23351,526.0,42.0,23315.0,2686,1836.0,12213.0,842.0,130516.0,4.0,4.0,2.0,417.0,4203,52.0,4245,4.0,51477,116.0,7.0,29.0,116.0,44440.0,28.0,85.0,1091.0,3.0,15.0,7739.0,33.0,225.0,599112,55941,938836.0,61878.0,35137.0,1884.0,5437257
2020-04-20,37.0,19146,272.0,162.0,23588.0,3244,2338.0,9939.0,770.0,141319.0,2.0,14.0,1.0,410.0,3853,486.0,4183,21.0,48427,71.0,3.0,22.0,180.0,43987.0,21.0,19.0,97.0,8.0,7.0,5788.0,33.0,103.0,608447,49070,973832.0,64408.0,34996.0,2530.0,5486327
2020-04-21,9.0,15242,231.0,100.0,26326.0,4097,2750.0,10794.0,1102.0,138356.0,11.0,11.0,0.0,402.0,3706,53.0,3221,15.0,46721,76.0,6.0,37.0,132.0,38772.0,20.0,26.0,97.0,5.0,2.0,7400.0,22.0,113.0,587059,55734,1006957.0,68213.0,33125.0,3805.0,5542061
2020-04-22,24.0,15001,203.0,72.0,24482.0,2825,2170.0,10874.0,574.0,149545.0,10.0,10.0,1.0,491.0,5784,41.0,2715,6.0,51932,95.0,6.0,32.0,188.0,39653.0,24.0,9.0,83.0,0.0,7.0,7835.0,29.0,124.0,613493,57281,1043188.0,71600.0,36231.0,3387.0,5599342
2020-04-23,14.0,12575,237.0,42.0,23656.0,2591,2107.0,11646.0,551.0,144156.0,6.0,18.0,4.0,540.0,3753,85.0,3137,6.0,49261,106.0,322.0,52.0,357.0,36725.0,31.0,16.0,129.0,32.0,6.0,5033.0,31.0,131.0,608551,55469,1085357.0,74863.0,42169.0,3263.0,5654811
2020-04-24,17.0,11008,206.0,31.0,22223.0,1886,1887.0,9167.0,397.0,127168.0,13.0,8.0,4.0,365.0,2698,54.0,3281,8.0,39262,43.0,920.0,12.0,112.0,28097.0,23.0,31.0,91.0,9.0,10.0,4645.0,29.0,239.0,575982,51197,1130135.0,77878.0,44778.0,3015.0,5706008
2020-04-25,34.0,12408,297.0,35.0,22528.0,2837,1906.0,9733.0,614.0,132344.0,5.0,1.0,0.0,398.0,4374,95.0,4716,2.0,43957,130.0,123.0,56.0,214.0,34746.0,32.0,16.0,84.0,2.0,2.0,3897.0,39.0,157.0,599741,53178,1171216.0,81206.0,41081.0,3328.0,5759186
2020-04-26,19.0,13265,418.0,40.0,32535.0,2611,1578.0,10563.0,582.0,123182.0,13.0,3.0,0.0,472.0,3372,195.0,3224,4.0,49009,49.0,193.0,16.0,440.0,39032.0,68.0,107.0,91.0,6.0,5.0,7215.0,26.0,106.0,585511,54651,1206660.0,82949.0,35444.0,1743.0,5813837
2020-04-27,9.0,14206,280.0,151.0,36572.0,2494,2198.0,8284.0,1010.0,137277.0,14.0,6.0,2.0,624.0,3674,247.0,2705,4.0,45877,71.0,46.0,11.0,272.0,35110.0,111.0,224.0,83.0,2.0,6.0,9524.0,42.0,99.0,584025,54321,1236601.0,84842.0,29941.0,1893.0,5868158
2020-04-28,12.0,12975,266.0,100.0,33279.0,3303,2226.0,8439.0,665.0,140370.0,30.0,4.0,4.0,843.0,6972,133.0,2719,7.0,48625,55.0,10.0,24.0,432.0,34311.0,47.0,43.0,71.0,9.0,5.0,6024.0,9.0,113.0,563516,53786,1268560.0,88100.0,31959.0,3258.0,5921944
2020-04-29,14.0,11151,211.0,50.0,20656.0,3619,1939.0,8611.0,615.0,141052.0,14.0,6.0,4.0,422.0,6181,77.0,3276,11.0,44004,37.0,8.0,24.0,140.0,34611.0,41.0,32.0,65.0,9.0,6.0,5950.0,10.0,140.0,546967,48724,1303522.0,91762.0,34962.0,3662.0,5970668
2020-04-30,18.0,15889,194.0,54.0,25718.0,2837,1926.0,7704.0,530.0,140070.0,9.0,8.0,3.0,490.0,4296,77.0,5053,2.0,44599,47.0,46.0,11.0,110.0,33264.0,35.0,11.0,91.0,4.0,2.0,5132.0,11.0,215.0,529976,52254,1342713.0,94709.0,39191.0,2947.0,6022922
2020-05-01,15.0,14040,201.0,52.0,28139.0,2779,1587.0,7927.0,450.0,130874.0,11.0,5.0,1.0,274.0,4897,124.0,3642,3.0,44843,44.0,19.0,8.0,72.0,36866.0,31.0,17.0,73.0,7.0,2.0,6056.0,9.0,118.0,545096,58227,1387377.0,97699.0,44664.0,2990.0,6081149
2020-05-02,37.0,13301,254.0,65.0,25897.0,3282,1572.0,10835.0,403.0,136758.0,2.0,2.0,1.0,298.0,6084,90.0,3545,9.0,48138,45.0,19.0,15.0,100.0,42082.0,68.0,23.0,45.0,3.0,5.0,6168.0,40.0,96.0,573653,56112,1425435.0,99994.0,38058.0,2295.0,6137261
2020-05-03,18.0,14384,202.0,117.0,25406.0,3005,1998.0,9407.0,409.0,137988.0,0.0,3.0,4.0,309.0,5621,93.0,3280,5.0,48636,33.0,11.0,27.0,116.0,50096.0,54.0,15.0,41.0,2.0,17.0,8001.0,25.0,76.0,602097,61666,1460771.0,101811.0,35336.0,1817.0,6198927
2020-05-04,9.0,20239,170.0,164.0,22949.0,4030,2841.0,9399.0,414.0,143597.0,11.0,3.0,1.0,243.0,3530,59.0,3356,3.0,46032,81.0,6.0,29.0,186.0,47013.0,31.0,24.0,65.0,3.0,7.0,8329.0,17.0,96.0,605267,69114,1492645.0,103731.0,31874.0,1920.0,6268041
2020-05-05,15.0,13811,135.0,88.0,22104.0,3990,2140.0,8469.0,817.0,149758.0,9.0,10.0,2.0,426.0,2466,42.0,3965,1.0,55956,171.0,4.0,100.0,114.0,34120.0,27.0,34.0,151.0,0.0,9.0,8349.0,10.0,127.0,622943,63570,1525492.0,106889.0,32847.0,3158.0,6331611
2020-05-06,3.0,10518,118.0,53.0,20246.0,2678,1731.0,7777.0,368.0,147494.0,4.0,2.0,7.0,397.0,2331,65.0,3567,2.0,54243,76.0,13.0,49.0,122.0,30975.0,22.0,30.0,58.0,3.0,2.0,4381.0,37.0,86.0,619438,55661,1561950.0,110194.0,36458.0,3305.0,6387272
2020-05-07,5.0,10235,162.0,86.0,22113.0,2211,1681.0,8353.0,458.0,145069.0,4.0,7.0,0.0,357.0,3926,64.0,3912,4.0,53455,39.0,1.0,23.0,111.0,34290.0,117.0,12.0,69.0,2.0,2.0,3549.0,18.0,91.0,610997,56398,1600341.0,113223.0,38391.0,3029.0,6443670
2020-05-08,7.0,9943,210.0,79.0,19409.0,3219,1231.0,7923.0,383.0,132262.0,4.0,4.0,0.0,243.0,4079,43.0,2831,6.0,46459,35.0,3.0,20.0,127.0,34866.0,29.0,43.0,61.0,3.0,2.0,3044.0,12.0,192.0,524115,55630,1636974.0,115611.0,36633.0,2388.0,6499300
